INSERT INTO public.quiz_sets (id, name, description) VALUES ('aaaaaaaa-bbbb-cccc-dddd-000000000003', 'HYF Week 1 — 3-question test', 'Smoke test: 3 questions only.') ON CONFLICT DO NOTHING;
INSERT INTO public.quiz_sets (id, name, description) VALUES ('aaaaaaaa-bbbb-cccc-dddd-000000000005', 'HYF Week 1 : Live Quiz Round 1 (Ch1-5, easier)', 'Round 1 of the in-class live quiz, ~25 min, pre-break. 10 recognition-level questions covering Python setup, data types, control flow, functions, and type hints.') ON CONFLICT DO NOTHING;
INSERT INTO public.quiz_sets (id, name, description) VALUES ('aaaaaaaa-bbbb-cccc-dddd-000000000006', 'HYF Week 1 : Live Quiz Round 2 (Ch6-9 + Gotchas, harder)', 'Round 2 of the in-class live quiz, ~20 min, post-break. 10 application-level questions covering CLI habits, errors and debugging, logging, file operations, and the Week 1 gotchas.') ON CONFLICT DO NOTHING;
INSERT INTO public.quiz_sets (id, name, description) VALUES ('aaaaaaaa-bbbb-cccc-dddd-000000000007', 'HYF Week 2 : Live Quiz Round 1 (Ch1-Ch4, easier)', 'Round 1 of the in-class live quiz, ~20 min, pre-break. 10 recognition-level questions covering Introduction to Data Pipelines, Configuration & Secrets, Separation of Concerns, and OOP vs Functional Programming.') ON CONFLICT DO NOTHING;
INSERT INTO public.quiz_sets (id, name, description) VALUES ('aaaaaaaa-bbbb-cccc-dddd-000000000008', 'HYF Week 2 : Live Quiz Round 2 (Ch5-Ch8 + Gotchas, harder)', 'Round 2 of the in-class live quiz, ~15 min, post-break. 10 application-level questions covering Dataclasses, Functional Composition, Testing with Pytest, Linting with Ruff, and the six Week 2 gotchas.') ON CONFLICT DO NOTHING;
INSERT INTO public.questions (id, quiz_set_id, body, "order") VALUES ('ea93d4d1-1b15-4e40-a91f-7bc0ed1ecde7', 'aaaaaaaa-bbbb-cccc-dddd-000000000003', 'Why use a virtual environment (venv) for each Python project?', 0) ON CONFLICT DO NOTHING;
INSERT INTO public.questions (id, quiz_set_id, body, "order") VALUES ('f93c6f28-8a52-4e67-9f3d-d3f09a4e9450', 'aaaaaaaa-bbbb-cccc-dddd-000000000003', 'After `a = [1, 2]; b = a; b.append(3)`, what is `a`?', 1) ON CONFLICT DO NOTHING;
INSERT INTO public.questions (id, quiz_set_id, body, "order") VALUES ('812403b8-9d3d-4727-ba4a-be8e5cc6c104', 'aaaaaaaa-bbbb-cccc-dddd-000000000003', 'Which logging level fits the message "User logged in successfully"?', 2) ON CONFLICT DO NOTHING;
INSERT INTO public.questions (id, quiz_set_id, body, "order") VALUES ('2e438c79-9224-4de6-be01-172607de64ef', 'aaaaaaaa-bbbb-cccc-dddd-000000000005', 'Why does each Python project need its own virtual environment (venv)?', 0) ON CONFLICT DO NOTHING;
INSERT INTO public.questions (id, quiz_set_id, body, "order") VALUES ('c7932f63-7890-4c09-b087-88e539fdba1c', 'aaaaaaaa-bbbb-cccc-dddd-000000000005', 'You ran `pip install pandas` and it worked. But VS Code still says "ModuleNotFoundError: pandas". What is the fix?', 1) ON CONFLICT DO NOTHING;
INSERT INTO public.questions (id, quiz_set_id, body, "order") VALUES ('35fe694c-9157-482f-9155-8a00fd0e10b6', 'aaaaaaaa-bbbb-cccc-dddd-000000000005', 'You write `a = [1, 2]`, then `b = a`, then `b.append(3)`. What is `a` now?', 2) ON CONFLICT DO NOTHING;
INSERT INTO public.questions (id, quiz_set_id, body, "order") VALUES ('743f8c65-2cb7-4e69-94f9-1f17cc4eb19b', 'aaaaaaaa-bbbb-cccc-dddd-000000000005', 'In a Python shell, what does `0.1 + 0.2 == 0.3` give you?', 3) ON CONFLICT DO NOTHING;
INSERT INTO public.questions (id, quiz_set_id, body, "order") VALUES ('2977a24c-d1ab-4c3d-a16f-b84e5a0ff397', 'aaaaaaaa-bbbb-cccc-dddd-000000000005', 'What is the cleanest way to check if a list has at least one item?', 4) ON CONFLICT DO NOTHING;
INSERT INTO public.questions (id, quiz_set_id, body, "order") VALUES ('fa0c8d39-cad9-4df0-a0fe-7d853ee940f4', 'aaaaaaaa-bbbb-cccc-dddd-000000000005', 'Inside a `for` loop, what does `continue` do?', 5) ON CONFLICT DO NOTHING;
INSERT INTO public.questions (id, quiz_set_id, body, "order") VALUES ('5aefa119-24f9-4e77-8936-0c67f00a0edd', 'aaaaaaaa-bbbb-cccc-dddd-000000000005', 'What does the `if __name__ == "__main__":` block let a Python file do?', 6) ON CONFLICT DO NOTHING;
INSERT INTO public.questions (id, quiz_set_id, body, "order") VALUES ('2013c62f-ab91-4ecf-9bd9-1994151160d4', 'aaaaaaaa-bbbb-cccc-dddd-000000000005', 'Why is `def add_record(records=[]):` a bad idea?', 7) ON CONFLICT DO NOTHING;
INSERT INTO public.questions (id, quiz_set_id, body, "order") VALUES ('610a218b-03cc-4f7b-a849-de6c394b5a0a', 'aaaaaaaa-bbbb-cccc-dddd-000000000005', 'Do Python type hints stop your code from running with the wrong type?', 8) ON CONFLICT DO NOTHING;
INSERT INTO public.questions (id, quiz_set_id, body, "order") VALUES ('581a071f-c3c2-4a06-9788-f6b2971b7168', 'aaaaaaaa-bbbb-cccc-dddd-000000000005', 'What does the function signature `def greet(name: str) -> str:` tell you?', 9) ON CONFLICT DO NOTHING;
INSERT INTO public.questions (id, quiz_set_id, body, "order") VALUES ('0711d8ef-89ff-4133-a20b-90b2608f0119', 'aaaaaaaa-bbbb-cccc-dddd-000000000006', 'Your script uses `input()` to ask for a filename. You want to run it on a schedule (cron, GitHub Actions). What goes wrong?', 0) ON CONFLICT DO NOTHING;
INSERT INTO public.questions (id, quiz_set_id, body, "order") VALUES ('0f80e2c5-5856-42fa-a1ae-9affcf13d3c1', 'aaaaaaaa-bbbb-cccc-dddd-000000000006', 'You give your script to a teammate. Why is `argparse` better than reading from `sys.argv` by hand?', 1) ON CONFLICT DO NOTHING;
INSERT INTO public.questions (id, quiz_set_id, body, "order") VALUES ('523d2bf8-56ad-4de4-a90d-09642f652089', 'aaaaaaaa-bbbb-cccc-dddd-000000000006', 'You forget the colon after `if x > 0`. Python complains *before* the script runs. What kind of error is that?', 2) ON CONFLICT DO NOTHING;
INSERT INTO public.questions (id, quiz_set_id, body, "order") VALUES ('9612a75c-9c1a-448b-a838-d5e85d937adb', 'aaaaaaaa-bbbb-cccc-dddd-000000000006', 'You run your script and Python prints a long traceback. Where is the actual error message?', 3) ON CONFLICT DO NOTHING;
INSERT INTO public.questions (id, quiz_set_id, body, "order") VALUES ('663b75e0-d698-455d-bf41-1c78c9638351', 'aaaaaaaa-bbbb-cccc-dddd-000000000006', 'You are debugging in VS Code. The current line calls a function and you want to walk through the function''s code line by line. Which button do you press?', 4) ON CONFLICT DO NOTHING;
INSERT INTO public.questions (id, quiz_set_id, body, "order") VALUES ('d4df1269-4e39-4ee2-a92d-2f3d3060ffad', 'aaaaaaaa-bbbb-cccc-dddd-000000000006', 'In a production data pipeline, why prefer `logging` over `print`?', 5) ON CONFLICT DO NOTHING;
INSERT INTO public.questions (id, quiz_set_id, body, "order") VALUES ('896ff6ae-9141-4597-ace4-cbe1c69e4fcc', 'aaaaaaaa-bbbb-cccc-dddd-000000000006', 'You log "User logged in successfully". Which logging level fits this message best?', 6) ON CONFLICT DO NOTHING;
INSERT INTO public.questions (id, quiz_set_id, body, "order") VALUES ('b642e5e2-96d7-43ab-908c-cd201eb9905e', 'aaaaaaaa-bbbb-cccc-dddd-000000000006', 'Why use `with open("data.txt") as f:` instead of calling `open("data.txt")` and `f.close()` yourself?', 7) ON CONFLICT DO NOTHING;
INSERT INTO public.questions (id, quiz_set_id, body, "order") VALUES ('79337641-e262-4619-9979-3791dad28c60', 'aaaaaaaa-bbbb-cccc-dddd-000000000006', 'Why prefer `Path("data") / "file.csv"` over the string `"data/file.csv"` for a file path?', 8) ON CONFLICT DO NOTHING;
INSERT INTO public.questions (id, quiz_set_id, body, "order") VALUES ('6f43ca67-6631-46f3-84a2-917132d0bb0b', 'aaaaaaaa-bbbb-cccc-dddd-000000000006', 'You read a CSV file with `csv.DictReader` and write `next_year = row["age"] + 1`. Python errors with TypeError. Why, and what is the fix?', 9) ON CONFLICT DO NOTHING;
INSERT INTO public.questions (id, quiz_set_id, body, "order") VALUES ('3496d3cd-c86b-49ad-b8ba-0156fe4283ae', 'aaaaaaaa-bbbb-cccc-dddd-000000000007', 'What does ETL stand for in the context of a data pipeline?', 0) ON CONFLICT DO NOTHING;
INSERT INTO public.questions (id, quiz_set_id, body, "order") VALUES ('c057eb1c-8957-43df-9e6e-d25947d1d57f', 'aaaaaaaa-bbbb-cccc-dddd-000000000007', 'Why is "works on my machine" not enough for a production data pipeline?', 1) ON CONFLICT DO NOTHING;
INSERT INTO public.questions (id, quiz_set_id, body, "order") VALUES ('6f5100ae-436b-415b-81ef-2a45528e2e0f', 'aaaaaaaa-bbbb-cccc-dddd-000000000007', 'Why should you NEVER commit a `.env` file to git?', 2) ON CONFLICT DO NOTHING;
INSERT INTO public.questions (id, quiz_set_id, body, "order") VALUES ('e1ed4c53-fd5a-4101-92c8-9c35d1d245ca', 'aaaaaaaa-bbbb-cccc-dddd-000000000007', 'Your repo has both a `.env.example` (committed) and a `.env` (gitignored). What is `.env.example` for?', 3) ON CONFLICT DO NOTHING;
INSERT INTO public.questions (id, quiz_set_id, body, "order") VALUES ('d76e5725-6582-4c04-a06d-0fee9c7da2ef', 'aaaaaaaa-bbbb-cccc-dddd-000000000007', 'You centralise env-var reads in a single `config.py` module. What is the main benefit over calling `os.environ.get(...)` everywhere?', 4) ON CONFLICT DO NOTHING;
INSERT INTO public.questions (id, quiz_set_id, body, "order") VALUES ('ca10dedb-9aa1-4a68-b700-4830132a791f', 'aaaaaaaa-bbbb-cccc-dddd-000000000007', 'A 100-line function reads a CSV, cleans the data, calculates totals, AND saves the result. What is the main problem?', 5) ON CONFLICT DO NOTHING;
INSERT INTO public.questions (id, quiz_set_id, body, "order") VALUES ('7934a467-8633-4397-ab36-5e9c0baff7be', 'aaaaaaaa-bbbb-cccc-dddd-000000000007', 'In the "Humble Object" pattern, what should an I/O function (file read, API call, database query) do?', 6) ON CONFLICT DO NOTHING;
INSERT INTO public.questions (id, quiz_set_id, body, "order") VALUES ('61990a80-5491-4e36-ab39-1abbd298d3ec', 'aaaaaaaa-bbbb-cccc-dddd-000000000007', 'Which of these is a PURE function?', 7) ON CONFLICT DO NOTHING;
INSERT INTO public.questions (id, quiz_set_id, body, "order") VALUES ('492ee5d0-0d31-4932-8117-0d0e934b9cf4', 'aaaaaaaa-bbbb-cccc-dddd-000000000007', 'Your colleague has a `DataCleaner` class with one method `.clean(df)` that takes a DataFrame and returns a cleaned one. It stores no state. Should it stay a class?', 8) ON CONFLICT DO NOTHING;
INSERT INTO public.questions (id, quiz_set_id, body, "order") VALUES ('87545196-6ca2-4e11-bbc9-ed5e0ca4caf9', 'aaaaaaaa-bbbb-cccc-dddd-000000000007', 'What does the `@dataclass` decorator actually generate for you?', 9) ON CONFLICT DO NOTHING;
INSERT INTO public.questions (id, quiz_set_id, body, "order") VALUES ('5134b6ee-1766-4455-8086-08c9e1bd5b85', 'aaaaaaaa-bbbb-cccc-dddd-000000000008', 'Why is `product.price` better than `product["price"]` when working with structured data inside a pipeline?', 0) ON CONFLICT DO NOTHING;
INSERT INTO public.questions (id, quiz_set_id, body, "order") VALUES ('370496da-b286-456b-95fc-71c30a1ae7b4', 'aaaaaaaa-bbbb-cccc-dddd-000000000008', 'What does `__post_init__` in a dataclass do, and when does it run?', 1) ON CONFLICT DO NOTHING;
INSERT INTO public.questions (id, quiz_set_id, body, "order") VALUES ('0b15e416-2aa9-4bcf-b27f-644fad65ec68', 'aaaaaaaa-bbbb-cccc-dddd-000000000008', 'Your pipeline uses dataclasses internally. You need to write the cleaned rows to a JSON file. What is the cleanest way to convert a `Product` instance to a plain dict?', 2) ON CONFLICT DO NOTHING;
INSERT INTO public.questions (id, quiz_set_id, body, "order") VALUES ('ebb21bdf-def9-4d6e-8e41-9ad6398c807c', 'aaaaaaaa-bbbb-cccc-dddd-000000000008', 'What does `{**row, "price": new_price}` do?', 3) ON CONFLICT DO NOTHING;
INSERT INTO public.questions (id, quiz_set_id, body, "order") VALUES ('33a42390-e176-48ec-8b97-952629855e89', 'aaaaaaaa-bbbb-cccc-dddd-000000000008', 'In a chain `data = clean(filter(read(file)))`, one of the functions forgets to `return` and silently produces `None`. What error do you actually see?', 4) ON CONFLICT DO NOTHING;
INSERT INTO public.questions (id, quiz_set_id, body, "order") VALUES ('c5127c17-8a53-4ac5-a4b2-91f4f0144d56', 'aaaaaaaa-bbbb-cccc-dddd-000000000008', 'You have three pytest tests that all start with the same list of sample rows. How do you share that setup without copy-pasting?', 5) ON CONFLICT DO NOTHING;
INSERT INTO public.questions (id, quiz_set_id, body, "order") VALUES ('4a758310-c90c-4599-b227-723ba377884f', 'aaaaaaaa-bbbb-cccc-dddd-000000000008', 'You want one test function to run with five different inputs (empty list, one row, negative price, ...). What is the right pytest tool?', 6) ON CONFLICT DO NOTHING;
INSERT INTO public.questions (id, quiz_set_id, body, "order") VALUES ('8a6177d3-8b08-4ca9-8026-515e848c82a1', 'aaaaaaaa-bbbb-cccc-dddd-000000000008', 'You want to run BOTH `ruff format` (rewrites layout) AND `ruff check --fix` (auto-fixes lint issues) on your code. Which order?', 7) ON CONFLICT DO NOTHING;
INSERT INTO public.questions (id, quiz_set_id, body, "order") VALUES ('f47ccd9c-9537-43b9-8d35-1c46fbcf197f', 'aaaaaaaa-bbbb-cccc-dddd-000000000008', 'You write `@dataclass` then `class Config: tags: list = []`. What happens when you import this module?', 8) ON CONFLICT DO NOTHING;
INSERT INTO public.questions (id, quiz_set_id, body, "order") VALUES ('d515f2ea-fef0-4b9c-866e-438b9f132837', 'aaaaaaaa-bbbb-cccc-dddd-000000000008', 'Why is naming your file `csv.py` (or `email.py`, `json.py`, `random.py`) a bad idea?', 9) ON CONFLICT DO NOTHING;
INSERT INTO public.choices (id, question_id, body, is_correct) VALUES ('e5ad6cbd-386e-4b17-ad03-72f4253a002f', '3496d3cd-c86b-49ad-b8ba-0156fe4283ae', 'Extract, Transform, Load : read data from a source, reshape it, write it to a target', true) ON CONFLICT DO NOTHING;
INSERT INTO public.choices (id, question_id, body, is_correct) VALUES ('fd107acd-2381-4d3d-ad28-3af96ddb8a73', '3496d3cd-c86b-49ad-b8ba-0156fe4283ae', 'Load, Transform, Extract : same letters, different order (a common mix-up; here Load would be the WRITE step)', false) ON CONFLICT DO NOTHING;
INSERT INTO public.choices (id, question_id, body, is_correct) VALUES ('e4f06631-1f9e-4be3-abd8-7db4b6df35ba', '3496d3cd-c86b-49ad-b8ba-0156fe4283ae', 'Encrypt, Translate, Log', false) ON CONFLICT DO NOTHING;
INSERT INTO public.choices (id, question_id, body, is_correct) VALUES ('936f3648-b521-428f-86f1-a3b7da367c4f', '3496d3cd-c86b-49ad-b8ba-0156fe4283ae', 'Edit, Test, Launch', false) ON CONFLICT DO NOTHING;
INSERT INTO public.choices (id, question_id, body, is_correct) VALUES ('4dd11cac-db85-4f59-b64a-16f509d311c9', 'c057eb1c-8957-43df-9e6e-d25947d1d57f', 'The script makes assumptions about its environment (paths, dependencies, env vars) that are not true on the server', true) ON CONFLICT DO NOTHING;
INSERT INTO public.choices (id, question_id, body, is_correct) VALUES ('885ec6ba-445f-4874-b278-b8df7b2c7027', 'c057eb1c-8957-43df-9e6e-d25947d1d57f', 'Production servers cannot run Python scripts', false) ON CONFLICT DO NOTHING;
INSERT INTO public.choices (id, question_id, body, is_correct) VALUES ('04d0071a-14a6-4dcb-afc5-cde0e7ffbbad', 'c057eb1c-8957-43df-9e6e-d25947d1d57f', 'Local scripts are slower than production systems', false) ON CONFLICT DO NOTHING;
INSERT INTO public.choices (id, question_id, body, is_correct) VALUES ('3bf12c7f-850b-427f-9828-2ad8ed10fdee', 'c057eb1c-8957-43df-9e6e-d25947d1d57f', 'Production code must be written in a compiled language', false) ON CONFLICT DO NOTHING;
INSERT INTO public.choices (id, question_id, body, is_correct) VALUES ('17b4eede-f92e-4d81-a40f-ad9072f4941a', '6f5100ae-436b-415b-81ef-2a45528e2e0f', 'Git history makes the secret permanent : anyone who can clone the repo gets your credentials, even after you delete the file later', true) ON CONFLICT DO NOTHING;
INSERT INTO public.choices (id, question_id, body, is_correct) VALUES ('c1bd502b-be67-4310-ac1e-398b31155aeb', '6f5100ae-436b-415b-81ef-2a45528e2e0f', '`.env` files are too large for git to handle', false) ON CONFLICT DO NOTHING;
INSERT INTO public.choices (id, question_id, body, is_correct) VALUES ('6e3a67a7-92e0-4251-babd-d65c2ef1a341', '6f5100ae-436b-415b-81ef-2a45528e2e0f', 'Git cannot parse the `KEY=value` syntax', false) ON CONFLICT DO NOTHING;
INSERT INTO public.choices (id, question_id, body, is_correct) VALUES ('79cda386-183d-46a0-b3e0-9652d29e4606', '6f5100ae-436b-415b-81ef-2a45528e2e0f', '`.env` files are read-only on Linux servers', false) ON CONFLICT DO NOTHING;
INSERT INTO public.choices (id, question_id, body, is_correct) VALUES ('297816e2-020a-454f-ad96-6123c7d25055', 'e1ed4c53-fd5a-4101-92c8-9c35d1d245ca', 'It documents the variable NAMES (with placeholder values) so a teammate cloning the repo knows what to set in their own `.env`', true) ON CONFLICT DO NOTHING;
INSERT INTO public.choices (id, question_id, body, is_correct) VALUES ('a91ade7d-f876-422e-99af-0ab14922cdfe', 'e1ed4c53-fd5a-4101-92c8-9c35d1d245ca', 'It is the file your code actually reads at runtime', false) ON CONFLICT DO NOTHING;
INSERT INTO public.choices (id, question_id, body, is_correct) VALUES ('6b1b2314-714d-4da6-b2f3-e1f922f3ca1c', 'e1ed4c53-fd5a-4101-92c8-9c35d1d245ca', 'It contains the real production secrets that the deployed pipeline uses', false) ON CONFLICT DO NOTHING;
INSERT INTO public.choices (id, question_id, body, is_correct) VALUES ('89e6fb21-a11d-43f8-99e5-62e16b7bead2', 'e1ed4c53-fd5a-4101-92c8-9c35d1d245ca', 'It is an automatic backup that python-dotenv creates', false) ON CONFLICT DO NOTHING;
INSERT INTO public.choices (id, question_id, body, is_correct) VALUES ('38bd3843-27a5-4a97-8fa4-b887a7d85e1c', 'd76e5725-6582-4c04-a06d-0fee9c7da2ef', 'One place to change a variable name, one place to add validation : the rest of the code does `from config import API_KEY`', true) ON CONFLICT DO NOTHING;
INSERT INTO public.choices (id, question_id, body, is_correct) VALUES ('645149d2-4267-426f-874e-d1ad6f0d54ab', 'd76e5725-6582-4c04-a06d-0fee9c7da2ef', '`config.py` runs faster than `os.environ.get`', false) ON CONFLICT DO NOTHING;
INSERT INTO public.choices (id, question_id, body, is_correct) VALUES ('b280c940-27c0-4517-aa0e-1ff900143fc7', 'd76e5725-6582-4c04-a06d-0fee9c7da2ef', 'It is the only legal way to read env vars in Python 3.10+', false) ON CONFLICT DO NOTHING;
INSERT INTO public.choices (id, question_id, body, is_correct) VALUES ('96f64135-25a1-4ce4-bba6-9b1c860b3fcd', 'd76e5725-6582-4c04-a06d-0fee9c7da2ef', '`config.py` automatically encrypts the values it reads', false) ON CONFLICT DO NOTHING;
INSERT INTO public.choices (id, question_id, body, is_correct) VALUES ('b6caa601-a8ba-4d7a-8ea6-7b0bd81e0ad1', 'ca10dedb-9aa1-4a68-b700-4830132a791f', 'You cannot test the cleaning or calculation logic without a real CSV file on disk : every test needs filesystem setup', true) ON CONFLICT DO NOTHING;
INSERT INTO public.choices (id, question_id, body, is_correct) VALUES ('d09d3cf4-5a02-43d6-8e1a-2ca5863fcef6', 'ca10dedb-9aa1-4a68-b700-4830132a791f', 'The function is too long for Python to compile', false) ON CONFLICT DO NOTHING;
INSERT INTO public.choices (id, question_id, body, is_correct) VALUES ('10a14663-d991-438f-b63f-833d04677887', 'ca10dedb-9aa1-4a68-b700-4830132a791f', 'Python has a 50-line per-function limit', false) ON CONFLICT DO NOTHING;
INSERT INTO public.choices (id, question_id, body, is_correct) VALUES ('32c06621-cc74-445c-bd52-56c0ea6261d2', 'ca10dedb-9aa1-4a68-b700-4830132a791f', 'It uses too much memory by default', false) ON CONFLICT DO NOTHING;
INSERT INTO public.choices (id, question_id, body, is_correct) VALUES ('c9f4d894-2ca7-4354-8c7c-4e39c807f88b', '7934a467-8633-4397-ab36-5e9c0baff7be', 'As little as possible : just get data in or out, and leave validation, filtering, and business rules to pure functions', true) ON CONFLICT DO NOTHING;
INSERT INTO public.choices (id, question_id, body, is_correct) VALUES ('b887c621-c42e-4449-813c-50281a165f6c', '7934a467-8633-4397-ab36-5e9c0baff7be', 'Validate every field before returning, so callers do not have to', false) ON CONFLICT DO NOTHING;
INSERT INTO public.choices (id, question_id, body, is_correct) VALUES ('8747e0f4-3bba-45a3-a6ad-a22c3f5b78e1', '7934a467-8633-4397-ab36-5e9c0baff7be', 'Catch every possible exception silently and return an empty list', false) ON CONFLICT DO NOTHING;
INSERT INTO public.choices (id, question_id, body, is_correct) VALUES ('19ccdf65-bd2d-4bd0-badc-b3f5cbc79293', '7934a467-8633-4397-ab36-5e9c0baff7be', 'Log every step in detail so the operator can debug later', false) ON CONFLICT DO NOTHING;
INSERT INTO public.choices (id, question_id, body, is_correct) VALUES ('c7a1a3e9-e2a9-49c4-b28f-415da08fcc7d', '61990a80-5491-4e36-ab39-1abbd298d3ec', '`def double(x): return x * 2`', true) ON CONFLICT DO NOTHING;
INSERT INTO public.choices (id, question_id, body, is_correct) VALUES ('2036faa2-26f3-49e4-b396-c85ef47d1e3a', 'ea93d4d1-1b15-4e40-a91f-7bc0ed1ecde7', 'So different projects can pin different package versions without conflicts', true) ON CONFLICT DO NOTHING;
INSERT INTO public.choices (id, question_id, body, is_correct) VALUES ('b7ddddaf-2e89-4f66-a3db-41004a5301e0', 'ea93d4d1-1b15-4e40-a91f-7bc0ed1ecde7', 'To make Python run faster', false) ON CONFLICT DO NOTHING;
INSERT INTO public.choices (id, question_id, body, is_correct) VALUES ('36ba3262-ad2f-43d2-9dba-49de006f13f5', 'ea93d4d1-1b15-4e40-a91f-7bc0ed1ecde7', 'To save disk space', false) ON CONFLICT DO NOTHING;
INSERT INTO public.choices (id, question_id, body, is_correct) VALUES ('96c2fb14-4382-41dd-a389-9676106ea641', 'ea93d4d1-1b15-4e40-a91f-7bc0ed1ecde7', 'Because Python refuses to run scripts outside a venv', false) ON CONFLICT DO NOTHING;
INSERT INTO public.choices (id, question_id, body, is_correct) VALUES ('32a30bf3-c545-4c43-9242-5c9664231462', 'f93c6f28-8a52-4e67-9f3d-d3f09a4e9450', '[1, 2] — only `b` was modified', false) ON CONFLICT DO NOTHING;
INSERT INTO public.choices (id, question_id, body, is_correct) VALUES ('aed55251-6074-4da8-a015-f6fd9d01718a', 'f93c6f28-8a52-4e67-9f3d-d3f09a4e9450', '[1, 2, 3] — `b = a` makes both names point at the same list object', true) ON CONFLICT DO NOTHING;
INSERT INTO public.choices (id, question_id, body, is_correct) VALUES ('70a48c5f-f390-4c61-aac7-f50cb1ae43f7', 'f93c6f28-8a52-4e67-9f3d-d3f09a4e9450', '[3] — append replaces the list', false) ON CONFLICT DO NOTHING;
INSERT INTO public.choices (id, question_id, body, is_correct) VALUES ('ecbe9601-8af6-4651-be32-13364174381b', 'f93c6f28-8a52-4e67-9f3d-d3f09a4e9450', 'Raises a TypeError', false) ON CONFLICT DO NOTHING;
INSERT INTO public.choices (id, question_id, body, is_correct) VALUES ('b0a1f157-7d49-44b6-807b-b25eafb14f23', '812403b8-9d3d-4727-ba4a-be8e5cc6c104', 'ERROR', false) ON CONFLICT DO NOTHING;
INSERT INTO public.choices (id, question_id, body, is_correct) VALUES ('f7ae3154-247f-492f-823b-a8393cbba535', '812403b8-9d3d-4727-ba4a-be8e5cc6c104', 'WARNING', false) ON CONFLICT DO NOTHING;
INSERT INTO public.choices (id, question_id, body, is_correct) VALUES ('0252cd64-f70b-4398-a1b4-f7a8be5bb1dc', '812403b8-9d3d-4727-ba4a-be8e5cc6c104', 'INFO', true) ON CONFLICT DO NOTHING;
INSERT INTO public.choices (id, question_id, body, is_correct) VALUES ('53d9973e-0a2e-4c64-b4c2-a7c5f7821dc5', '812403b8-9d3d-4727-ba4a-be8e5cc6c104', 'CRITICAL', false) ON CONFLICT DO NOTHING;
INSERT INTO public.choices (id, question_id, body, is_correct) VALUES ('21739705-597a-4c99-ac08-cdd612509b1a', '2e438c79-9224-4de6-be01-172607de64ef', 'So projects can use different package versions without breaking each other', true) ON CONFLICT DO NOTHING;
INSERT INTO public.choices (id, question_id, body, is_correct) VALUES ('e9ec9529-a0ca-4c6f-9664-5681d4459335', '2e438c79-9224-4de6-be01-172607de64ef', 'To make Python run faster', false) ON CONFLICT DO NOTHING;
INSERT INTO public.choices (id, question_id, body, is_correct) VALUES ('76a250a5-886e-49c1-96ed-aa1a0707316d', '2e438c79-9224-4de6-be01-172607de64ef', 'To hide your code from other users', false) ON CONFLICT DO NOTHING;
INSERT INTO public.choices (id, question_id, body, is_correct) VALUES ('626dcaf3-826c-43c9-9e58-90c87e753a12', '2e438c79-9224-4de6-be01-172607de64ef', 'Python will not run scripts that are not in a venv', false) ON CONFLICT DO NOTHING;
INSERT INTO public.choices (id, question_id, body, is_correct) VALUES ('84e5db98-13af-405a-b824-e4d14310112e', 'c7932f63-7890-4c09-b087-88e539fdba1c', 'Reinstall Python', false) ON CONFLICT DO NOTHING;
INSERT INTO public.choices (id, question_id, body, is_correct) VALUES ('9d74b7c2-5141-4d8e-9c88-432bc44da753', 'c7932f63-7890-4c09-b087-88e539fdba1c', 'In VS Code, pick the venv as your Python interpreter (Cmd+Shift+P → Python: Select Interpreter)', true) ON CONFLICT DO NOTHING;
INSERT INTO public.choices (id, question_id, body, is_correct) VALUES ('84c50a91-ee51-4885-a163-673d620138d5', 'c7932f63-7890-4c09-b087-88e539fdba1c', 'Restart your computer', false) ON CONFLICT DO NOTHING;
INSERT INTO public.choices (id, question_id, body, is_correct) VALUES ('7122aaea-4711-4973-aaa5-492d3fb43d8d', 'c7932f63-7890-4c09-b087-88e539fdba1c', 'Run `pip install pandas` again with sudo', false) ON CONFLICT DO NOTHING;
INSERT INTO public.choices (id, question_id, body, is_correct) VALUES ('f099ccf6-caa2-424c-aebf-386ee6c7745a', '35fe694c-9157-482f-9155-8a00fd0e10b6', '[1, 2, 3] : `a` and `b` point to the same list', true) ON CONFLICT DO NOTHING;
INSERT INTO public.choices (id, question_id, body, is_correct) VALUES ('3d12a63d-a7b6-424f-89fa-c54d98c5ae27', '35fe694c-9157-482f-9155-8a00fd0e10b6', '[1, 2] : `b` is a separate copy of `a`', false) ON CONFLICT DO NOTHING;
INSERT INTO public.choices (id, question_id, body, is_correct) VALUES ('41c21216-1114-4bfe-b42d-9571c4057685', '35fe694c-9157-482f-9155-8a00fd0e10b6', '[3, 1, 2] : append puts the new item at the front', false) ON CONFLICT DO NOTHING;
INSERT INTO public.choices (id, question_id, body, is_correct) VALUES ('421720cc-6e3e-4817-9536-d059f7afa706', '35fe694c-9157-482f-9155-8a00fd0e10b6', 'Error : you cannot change `a` after assigning it to `b`', false) ON CONFLICT DO NOTHING;
INSERT INTO public.choices (id, question_id, body, is_correct) VALUES ('db8ad332-a253-4422-83ed-38c49d042227', '743f8c65-2cb7-4e69-94f9-1f17cc4eb19b', 'True : 0.1 plus 0.2 is 0.3', false) ON CONFLICT DO NOTHING;
INSERT INTO public.choices (id, question_id, body, is_correct) VALUES ('19236ab0-f00c-44fa-82c4-336a58a3d834', '743f8c65-2cb7-4e69-94f9-1f17cc4eb19b', 'False : Python stores decimals in binary, so the sum is slightly off (about 0.30000000000000004)', true) ON CONFLICT DO NOTHING;
INSERT INTO public.choices (id, question_id, body, is_correct) VALUES ('283d7c8c-b614-4039-b772-02662560fd54', '743f8c65-2cb7-4e69-94f9-1f17cc4eb19b', 'True, but only on macOS', false) ON CONFLICT DO NOTHING;
INSERT INTO public.choices (id, question_id, body, is_correct) VALUES ('08eaa61a-a3dc-4a43-aeb6-96ae6e4237e2', '743f8c65-2cb7-4e69-94f9-1f17cc4eb19b', 'Error : you cannot compare floats with `==`', false) ON CONFLICT DO NOTHING;
INSERT INTO public.choices (id, question_id, body, is_correct) VALUES ('026a4253-87a8-45ed-812d-7be13c381cc6', '2977a24c-d1ab-4c3d-a16f-b84e5a0ff397', '`if my_list:` (an empty list counts as False)', true) ON CONFLICT DO NOTHING;
INSERT INTO public.choices (id, question_id, body, is_correct) VALUES ('2168c4fe-68c0-4619-bc74-c58c6866cad6', '2977a24c-d1ab-4c3d-a16f-b84e5a0ff397', '`if my_list != []:`', false) ON CONFLICT DO NOTHING;
INSERT INTO public.choices (id, question_id, body, is_correct) VALUES ('962947ff-1ce3-486a-b6ec-85d68103b9d3', '2977a24c-d1ab-4c3d-a16f-b84e5a0ff397', '`if my_list is not None:`', false) ON CONFLICT DO NOTHING;
INSERT INTO public.choices (id, question_id, body, is_correct) VALUES ('c5afca2f-9535-4d6c-b6ef-529893c3e4ce', '2977a24c-d1ab-4c3d-a16f-b84e5a0ff397', '`if my_list.size() > 0:`', false) ON CONFLICT DO NOTHING;
INSERT INTO public.choices (id, question_id, body, is_correct) VALUES ('d33ca619-4939-4d5d-bb87-b0ffaf8f4804', 'fa0c8d39-cad9-4df0-a0fe-7d853ee940f4', 'Skip the rest of this iteration and start the next one', true) ON CONFLICT DO NOTHING;
INSERT INTO public.choices (id, question_id, body, is_correct) VALUES ('1032b63a-c27b-4cc7-b8d3-fc8d8787a5ea', 'fa0c8d39-cad9-4df0-a0fe-7d853ee940f4', 'Stop the loop immediately', false) ON CONFLICT DO NOTHING;
INSERT INTO public.choices (id, question_id, body, is_correct) VALUES ('afbb0aca-83d5-496c-a6ab-43880f475160', 'fa0c8d39-cad9-4df0-a0fe-7d853ee940f4', 'Restart the loop from the beginning', false) ON CONFLICT DO NOTHING;
INSERT INTO public.choices (id, question_id, body, is_correct) VALUES ('9a09007d-600c-4232-80c4-f07e9c2efd7f', 'fa0c8d39-cad9-4df0-a0fe-7d853ee940f4', 'Pause the loop until the user presses a key', false) ON CONFLICT DO NOTHING;
INSERT INTO public.choices (id, question_id, body, is_correct) VALUES ('db830a45-73b4-4464-8444-a1a83d0587ae', '5aefa119-24f9-4e77-8936-0c67f00a0edd', 'Be both an importable library AND a script you can run directly', true) ON CONFLICT DO NOTHING;
INSERT INTO public.choices (id, question_id, body, is_correct) VALUES ('c6efa039-af0e-4a59-bd27-cab205296728', '5aefa119-24f9-4e77-8936-0c67f00a0edd', 'Stop other people from importing the file', false) ON CONFLICT DO NOTHING;
INSERT INTO public.choices (id, question_id, body, is_correct) VALUES ('cb6a6697-07ea-4660-bd2b-28f00e94ae7b', '5aefa119-24f9-4e77-8936-0c67f00a0edd', 'Make the file run faster', false) ON CONFLICT DO NOTHING;
INSERT INTO public.choices (id, question_id, body, is_correct) VALUES ('8da7952b-6954-444f-b31a-88817c8d3184', '5aefa119-24f9-4e77-8936-0c67f00a0edd', 'Mark the file as the only entry point in the project', false) ON CONFLICT DO NOTHING;
INSERT INTO public.choices (id, question_id, body, is_correct) VALUES ('5cf10b06-8415-4f61-a6e6-303720c832b7', '2013c62f-ab91-4ecf-9bd9-1994151160d4', 'The same list `[]` is reused on every call, so previous calls leave their items in it', true) ON CONFLICT DO NOTHING;
INSERT INTO public.choices (id, question_id, body, is_correct) VALUES ('d53a5731-bec2-412f-a042-4f9602820bae', '2013c62f-ab91-4ecf-9bd9-1994151160d4', '`[]` is not a valid default value', false) ON CONFLICT DO NOTHING;
INSERT INTO public.choices (id, question_id, body, is_correct) VALUES ('323426cd-31c9-4dc1-94f6-b4168817b4af', '2013c62f-ab91-4ecf-9bd9-1994151160d4', 'It runs slower than using `None`', false) ON CONFLICT DO NOTHING;
INSERT INTO public.choices (id, question_id, body, is_correct) VALUES ('e21d8391-74b4-4022-ae85-e070adf71556', '2013c62f-ab91-4ecf-9bd9-1994151160d4', 'It hides Python''s built-in `list` type', false) ON CONFLICT DO NOTHING;
INSERT INTO public.choices (id, question_id, body, is_correct) VALUES ('8933f959-f97e-48f2-a39c-2012ea98f5c2', '610a218b-03cc-4f7b-a849-de6c394b5a0a', 'No : hints are checked by tools like mypy / Pylance, but Python itself ignores them when the code runs', true) ON CONFLICT DO NOTHING;
INSERT INTO public.choices (id, question_id, body, is_correct) VALUES ('e9b0456e-d269-4c1e-b2a6-abd5f8d0b600', '610a218b-03cc-4f7b-a849-de6c394b5a0a', 'Yes : Python raises a TypeError if a value does not match its hint', false) ON CONFLICT DO NOTHING;
INSERT INTO public.choices (id, question_id, body, is_correct) VALUES ('03144de0-7d98-40f4-a21b-5d34efc40d85', '610a218b-03cc-4f7b-a849-de6c394b5a0a', 'Only when you run with the `--strict` flag', false) ON CONFLICT DO NOTHING;
INSERT INTO public.choices (id, question_id, body, is_correct) VALUES ('1c226817-2bd4-416f-9576-be0f59745cf3', '610a218b-03cc-4f7b-a849-de6c394b5a0a', 'Only for built-in types like `int` and `str`', false) ON CONFLICT DO NOTHING;
INSERT INTO public.choices (id, question_id, body, is_correct) VALUES ('7275e444-b7b3-4b1c-9c9c-48a70da04d66', '581a071f-c3c2-4a06-9788-f6b2971b7168', 'The function takes a string `name` and returns a string', true) ON CONFLICT DO NOTHING;
INSERT INTO public.choices (id, question_id, body, is_correct) VALUES ('295dc8b9-72eb-4522-8c1d-785cd3372a13', '581a071f-c3c2-4a06-9788-f6b2971b7168', 'The function takes a string `name` and returns nothing', false) ON CONFLICT DO NOTHING;
INSERT INTO public.choices (id, question_id, body, is_correct) VALUES ('f759c956-50fa-4989-be18-1f277e8ba362', '581a071f-c3c2-4a06-9788-f6b2971b7168', 'The function only accepts strings shorter than the value of `str`', false) ON CONFLICT DO NOTHING;
INSERT INTO public.choices (id, question_id, body, is_correct) VALUES ('7a3b59d9-2050-4df6-9268-40ef9a247d08', '581a071f-c3c2-4a06-9788-f6b2971b7168', 'The function will throw an error if `name` is not a string', false) ON CONFLICT DO NOTHING;
INSERT INTO public.choices (id, question_id, body, is_correct) VALUES ('f13f2347-95ed-4fec-a530-bc8ac51882cb', '0711d8ef-89ff-4133-a20b-90b2608f0119', 'Nothing : the scheduler types the answer for you', false) ON CONFLICT DO NOTHING;
INSERT INTO public.choices (id, question_id, body, is_correct) VALUES ('c7542a38-6ed6-41a7-8888-f61d5844c5e6', '0711d8ef-89ff-4133-a20b-90b2608f0119', 'The script pauses forever waiting for someone to type, because no person is at the keyboard', true) ON CONFLICT DO NOTHING;
INSERT INTO public.choices (id, question_id, body, is_correct) VALUES ('c447d2db-5fd8-4e2e-8290-bd2e433c130d', '0711d8ef-89ff-4133-a20b-90b2608f0119', 'The script crashes immediately with a `SyntaxError`', false) ON CONFLICT DO NOTHING;
INSERT INTO public.choices (id, question_id, body, is_correct) VALUES ('afa426c7-81f3-4853-8670-707970e662e2', '0711d8ef-89ff-4133-a20b-90b2608f0119', 'It works, but only on Windows', false) ON CONFLICT DO NOTHING;
INSERT INTO public.choices (id, question_id, body, is_correct) VALUES ('d0a6250e-a8e6-4cf1-86e5-4b2431dbcd5e', '0f80e2c5-5856-42fa-a1ae-9affcf13d3c1', 'It generates a `--help` message, checks types, and gives clear errors when an argument is missing or wrong', true) ON CONFLICT DO NOTHING;
INSERT INTO public.choices (id, question_id, body, is_correct) VALUES ('b15a9cdc-cbc8-41b4-9490-1e72417098e5', '0f80e2c5-5856-42fa-a1ae-9affcf13d3c1', 'It runs the script in the cloud automatically', false) ON CONFLICT DO NOTHING;
INSERT INTO public.choices (id, question_id, body, is_correct) VALUES ('22e4463e-bdb6-41ae-afd6-4c9717877e10', '0f80e2c5-5856-42fa-a1ae-9affcf13d3c1', 'It is the only way to read command-line arguments in Python 3.10+', false) ON CONFLICT DO NOTHING;
INSERT INTO public.choices (id, question_id, body, is_correct) VALUES ('9d349f42-9416-4d74-a1c2-dac36306a859', '0f80e2c5-5856-42fa-a1ae-9affcf13d3c1', 'It encrypts the arguments so other users on the machine cannot see them', false) ON CONFLICT DO NOTHING;
INSERT INTO public.choices (id, question_id, body, is_correct) VALUES ('fc93daaa-2914-47e0-965a-0af7cf8bdb12', '523d2bf8-56ad-4de4-a90d-09642f652089', '`SyntaxError` : Python could not even parse the code, so it stopped before running anything', true) ON CONFLICT DO NOTHING;
INSERT INTO public.choices (id, question_id, body, is_correct) VALUES ('208add33-ac55-4b07-8688-14ddef4d9c6e', '523d2bf8-56ad-4de4-a90d-09642f652089', '`RuntimeError` : the code ran and then failed', false) ON CONFLICT DO NOTHING;
INSERT INTO public.choices (id, question_id, body, is_correct) VALUES ('03df3679-37f4-4c94-befa-330afbb8af45', '523d2bf8-56ad-4de4-a90d-09642f652089', '`KeyError` : Python could not find the colon', false) ON CONFLICT DO NOTHING;
INSERT INTO public.choices (id, question_id, body, is_correct) VALUES ('2ec6c05c-8410-4450-b55c-e5857ec691df', '523d2bf8-56ad-4de4-a90d-09642f652089', '`TypeError` : Python expected a different type', false) ON CONFLICT DO NOTHING;
INSERT INTO public.choices (id, question_id, body, is_correct) VALUES ('3010d154-4f81-4b76-9417-753731d224f7', '9612a75c-9c1a-448b-a838-d5e85d937adb', 'The very last line at the bottom', true) ON CONFLICT DO NOTHING;
INSERT INTO public.choices (id, question_id, body, is_correct) VALUES ('cd23cb86-a7d7-465b-8b25-1d6643edeb3e', '9612a75c-9c1a-448b-a838-d5e85d937adb', 'The first line at the top', false) ON CONFLICT DO NOTHING;
INSERT INTO public.choices (id, question_id, body, is_correct) VALUES ('6f3b151a-1ec2-4e0c-ac8b-c02fa522bdba', '9612a75c-9c1a-448b-a838-d5e85d937adb', 'Always exactly in the middle of the traceback', false) ON CONFLICT DO NOTHING;
INSERT INTO public.choices (id, question_id, body, is_correct) VALUES ('796d6c88-0c39-4761-a7e6-0b7b41f7f2a9', '9612a75c-9c1a-448b-a838-d5e85d937adb', 'On the line that says `Traceback (most recent call last)`', false) ON CONFLICT DO NOTHING;
INSERT INTO public.choices (id, question_id, body, is_correct) VALUES ('8fe2cd48-b437-405d-9b11-0c9dd8d8978f', '663b75e0-d698-455d-bf41-1c78c9638351', 'Step Into : it pauses on the first line inside the function', true) ON CONFLICT DO NOTHING;
INSERT INTO public.choices (id, question_id, body, is_correct) VALUES ('4544f9f9-5ab5-40a7-8e3c-d3ad60fbd554', '663b75e0-d698-455d-bf41-1c78c9638351', 'Step Over : it runs the function and pauses on the next line of your file', false) ON CONFLICT DO NOTHING;
INSERT INTO public.choices (id, question_id, body, is_correct) VALUES ('07a7d482-0fce-41eb-b68a-2c7b483ee1c4', '663b75e0-d698-455d-bf41-1c78c9638351', 'Continue : it runs everything until the next breakpoint', false) ON CONFLICT DO NOTHING;
INSERT INTO public.choices (id, question_id, body, is_correct) VALUES ('90d22e2b-d693-44f4-9c1d-964711340eaf', '663b75e0-d698-455d-bf41-1c78c9638351', 'Restart : you have to re-run from the beginning to enter a function', false) ON CONFLICT DO NOTHING;
INSERT INTO public.choices (id, question_id, body, is_correct) VALUES ('463cd73f-283e-4459-833f-ce78dac4bce7', 'd4df1269-4e39-4ee2-a92d-2f3d3060ffad', '`logging` adds severity levels (INFO / WARNING / ERROR) and timestamps, and can write to a file. `print` just goes to the screen and is often lost in production.', true) ON CONFLICT DO NOTHING;
INSERT INTO public.choices (id, question_id, body, is_correct) VALUES ('52868ca2-8d73-42b6-9fab-7283fca0352b', 'd4df1269-4e39-4ee2-a92d-2f3d3060ffad', '`logging` runs faster than `print`', false) ON CONFLICT DO NOTHING;
INSERT INTO public.choices (id, question_id, body, is_correct) VALUES ('0a98024b-8970-4782-8f76-1a80be44bd9c', 'd4df1269-4e39-4ee2-a92d-2f3d3060ffad', '`print` is removed in Python 3.13', false) ON CONFLICT DO NOTHING;
INSERT INTO public.choices (id, question_id, body, is_correct) VALUES ('b9736d2c-05a0-450b-a04e-b26c399b17ef', 'd4df1269-4e39-4ee2-a92d-2f3d3060ffad', '`logging` automatically sends an email when there is an error', false) ON CONFLICT DO NOTHING;
INSERT INTO public.choices (id, question_id, body, is_correct) VALUES ('1c46665d-9db6-498d-bd72-5bf748094009', '896ff6ae-9141-4597-ace4-cbe1c69e4fcc', 'INFO : it is a normal expected event', true) ON CONFLICT DO NOTHING;
INSERT INTO public.choices (id, question_id, body, is_correct) VALUES ('94951635-efe4-4ee9-803a-c772731fbac1', '896ff6ae-9141-4597-ace4-cbe1c69e4fcc', 'ERROR : every visible message should be an ERROR for safety', false) ON CONFLICT DO NOTHING;
INSERT INTO public.choices (id, question_id, body, is_correct) VALUES ('ed5ec939-ce7b-4f62-aefb-54bf0a211999', '896ff6ae-9141-4597-ace4-cbe1c69e4fcc', 'DEBUG : login messages are too noisy for production', false) ON CONFLICT DO NOTHING;
INSERT INTO public.choices (id, question_id, body, is_correct) VALUES ('01923ed3-c906-4aa6-8f61-be0dcd8015ee', '896ff6ae-9141-4597-ace4-cbe1c69e4fcc', 'CRITICAL : a successful login is a high-impact event', false) ON CONFLICT DO NOTHING;
INSERT INTO public.choices (id, question_id, body, is_correct) VALUES ('64d9f59b-d82c-4b0c-9f01-7239ceef8c27', 'b642e5e2-96d7-43ab-908c-cd201eb9905e', '`with` always closes the file when the block ends, even if an error happens inside', true) ON CONFLICT DO NOTHING;
INSERT INTO public.choices (id, question_id, body, is_correct) VALUES ('1b221d00-0fa9-4405-b9cf-7466604c6543', 'b642e5e2-96d7-43ab-908c-cd201eb9905e', '`with` is the only way to read text files in Python 3', false) ON CONFLICT DO NOTHING;
INSERT INTO public.choices (id, question_id, body, is_correct) VALUES ('13c5517f-d3e0-477a-adc4-37871baf2972', 'b642e5e2-96d7-43ab-908c-cd201eb9905e', '`with` runs the file reading in the background so your script does not block', false) ON CONFLICT DO NOTHING;
INSERT INTO public.choices (id, question_id, body, is_correct) VALUES ('64e855b1-36ba-47b0-b8dc-660659f0a3a8', 'b642e5e2-96d7-43ab-908c-cd201eb9905e', '`with` automatically encrypts the file contents', false) ON CONFLICT DO NOTHING;
INSERT INTO public.choices (id, question_id, body, is_correct) VALUES ('65cb3c17-35f6-4bf9-911c-38014dd6687b', '79337641-e262-4619-9979-3791dad28c60', '`Path` uses the right slash for the OS your code runs on, so the same code works on macOS, Linux, AND Windows', true) ON CONFLICT DO NOTHING;
INSERT INTO public.choices (id, question_id, body, is_correct) VALUES ('9edadcd4-a26d-4222-a3f9-360ae2064144', '79337641-e262-4619-9979-3791dad28c60', '`Path` runs faster than string concatenation', false) ON CONFLICT DO NOTHING;
INSERT INTO public.choices (id, question_id, body, is_correct) VALUES ('20ff9e02-3107-4b68-939c-3e2aac6f2f7e', '79337641-e262-4619-9979-3791dad28c60', '`Path` automatically creates the file if it does not exist', false) ON CONFLICT DO NOTHING;
INSERT INTO public.choices (id, question_id, body, is_correct) VALUES ('fb483f10-8479-4d96-bd52-df0913429256', '79337641-e262-4619-9979-3791dad28c60', 'String paths stopped working in Python 3.12', false) ON CONFLICT DO NOTHING;
INSERT INTO public.choices (id, question_id, body, is_correct) VALUES ('725f1aa6-5a02-4dda-95df-ac4893444d79', '6f43ca67-6631-46f3-84a2-917132d0bb0b', 'Every value from a CSV is a string, so `row["age"]` is `"30"`, not `30`. Fix: `int(row["age"]) + 1`', true) ON CONFLICT DO NOTHING;
INSERT INTO public.choices (id, question_id, body, is_correct) VALUES ('661b5e78-412d-46ea-8dfc-f5a21bb2bf9d', '6f43ca67-6631-46f3-84a2-917132d0bb0b', 'The `+` operator is broken for strings; use `next_year = row["age"] - 1` instead', false) ON CONFLICT DO NOTHING;
INSERT INTO public.choices (id, question_id, body, is_correct) VALUES ('5e3c8512-4d1f-4de2-b5a3-976deb91e02f', '6f43ca67-6631-46f3-84a2-917132d0bb0b', '`csv.DictReader` is broken in Python 3; switch to `csv.reader`', false) ON CONFLICT DO NOTHING;
INSERT INTO public.choices (id, question_id, body, is_correct) VALUES ('b0804e49-2994-47ea-ae3d-2a4bc0bfe25a', '6f43ca67-6631-46f3-84a2-917132d0bb0b', 'You need to add `from __future__ import string_arithmetic`', false) ON CONFLICT DO NOTHING;
INSERT INTO public.choices (id, question_id, body, is_correct) VALUES ('ff2e651e-6697-4dc1-9923-c34a21978ddf', '61990a80-5491-4e36-ab39-1abbd298d3ec', '`def double(x): print(x); return x * 2` (prints to the screen)', false) ON CONFLICT DO NOTHING;
INSERT INTO public.choices (id, question_id, body, is_correct) VALUES ('eb31ed1a-e2f9-4266-8b7c-47270cc6bf87', '61990a80-5491-4e36-ab39-1abbd298d3ec', '`def double(x): with open("log.txt", "a") as f: f.write(str(x)); return x * 2` (writes to disk)', false) ON CONFLICT DO NOTHING;
INSERT INTO public.choices (id, question_id, body, is_correct) VALUES ('8a34a3e2-8427-4237-a52e-e2e720541021', '61990a80-5491-4e36-ab39-1abbd298d3ec', '`def double(x): global counter; counter += 1; return x * 2` (mutates a global)', false) ON CONFLICT DO NOTHING;
INSERT INTO public.choices (id, question_id, body, is_correct) VALUES ('f2635d53-0e26-423e-8018-84e9779f284b', '492ee5d0-0d31-4932-8117-0d0e934b9cf4', 'No : refactor it to a plain `clean(df)` function. A stateless class is ceremony around a function call', true) ON CONFLICT DO NOTHING;
INSERT INTO public.choices (id, question_id, body, is_correct) VALUES ('44ce5dd0-31c6-4969-8653-283aafc45f12', '492ee5d0-0d31-4932-8117-0d0e934b9cf4', 'Yes : classes are always preferred over functions in production code', false) ON CONFLICT DO NOTHING;
INSERT INTO public.choices (id, question_id, body, is_correct) VALUES ('72acbc90-b5e2-40b5-9cdb-c0719494a92d', '492ee5d0-0d31-4932-8117-0d0e934b9cf4', 'Yes, but only after adding three more methods so the class is not lonely', false) ON CONFLICT DO NOTHING;
INSERT INTO public.choices (id, question_id, body, is_correct) VALUES ('53391992-81d3-4d8d-b68c-9e628985449b', '492ee5d0-0d31-4932-8117-0d0e934b9cf4', 'No, but only if the cleaning is fewer than 20 lines', false) ON CONFLICT DO NOTHING;
INSERT INTO public.choices (id, question_id, body, is_correct) VALUES ('671cdd8e-8aaf-4209-a336-1c1a8d29a2aa', '87545196-6ca2-4e11-bbc9-ed5e0ca4caf9', '`__init__`, `__repr__`, and equality methods, derived from your field declarations', true) ON CONFLICT DO NOTHING;
INSERT INTO public.choices (id, question_id, body, is_correct) VALUES ('b545d965-78d9-4cba-b2aa-357dff709413', '87545196-6ca2-4e11-bbc9-ed5e0ca4caf9', 'A web API endpoint exposing the class fields as JSON', false) ON CONFLICT DO NOTHING;
INSERT INTO public.choices (id, question_id, body, is_correct) VALUES ('e5a9edd7-333d-46ae-a857-f6ee2f03e2f6', '87545196-6ca2-4e11-bbc9-ed5e0ca4caf9', 'A SQL table matching the class field names', false) ON CONFLICT DO NOTHING;
INSERT INTO public.choices (id, question_id, body, is_correct) VALUES ('6d9a58ec-5035-4b3f-ad6d-6138c6d9a634', '87545196-6ca2-4e11-bbc9-ed5e0ca4caf9', 'Static methods that validate every input value', false) ON CONFLICT DO NOTHING;
INSERT INTO public.choices (id, question_id, body, is_correct) VALUES ('41c26e8f-649e-4b17-b2fa-ed3bd79b42a6', '5134b6ee-1766-4455-8086-08c9e1bd5b85', 'The editor knows what fields exist; typos like `product.prize` are flagged before you run the code', true) ON CONFLICT DO NOTHING;
INSERT INTO public.choices (id, question_id, body, is_correct) VALUES ('6a021c64-cbbe-47e4-946e-5c1039cf3964', '5134b6ee-1766-4455-8086-08c9e1bd5b85', 'Dot access runs faster than dict access', false) ON CONFLICT DO NOTHING;
INSERT INTO public.choices (id, question_id, body, is_correct) VALUES ('e5657850-a390-4c0c-a138-1853640015c3', '5134b6ee-1766-4455-8086-08c9e1bd5b85', 'Dictionaries are deprecated in Python 3.12', false) ON CONFLICT DO NOTHING;
INSERT INTO public.choices (id, question_id, body, is_correct) VALUES ('1a71c214-bdfb-489b-9620-1658ce17566d', '5134b6ee-1766-4455-8086-08c9e1bd5b85', 'Dot access uses less memory than dict access', false) ON CONFLICT DO NOTHING;
INSERT INTO public.choices (id, question_id, body, is_correct) VALUES ('a6003871-ada2-463b-955b-9b55f887b3d8', '370496da-b286-456b-95fc-71c30a1ae7b4', 'Runs right AFTER the auto-generated `__init__` finishes : the standard place to put validation rules like `if price < 0: raise ValueError`', true) ON CONFLICT DO NOTHING;
INSERT INTO public.choices (id, question_id, body, is_correct) VALUES ('6abf34f9-32c5-4ece-a082-f3c222f6d055', '370496da-b286-456b-95fc-71c30a1ae7b4', 'Replaces `__init__` entirely : you cannot have both', false) ON CONFLICT DO NOTHING;
INSERT INTO public.choices (id, question_id, body, is_correct) VALUES ('10f7f31d-559e-4498-8fce-066782db55c0', '370496da-b286-456b-95fc-71c30a1ae7b4', 'Runs BEFORE `__init__` and decides whether the object should be built', false) ON CONFLICT DO NOTHING;
INSERT INTO public.choices (id, question_id, body, is_correct) VALUES ('027da54e-a707-4875-9681-dc754e37225f', '370496da-b286-456b-95fc-71c30a1ae7b4', 'Runs only when the object is garbage-collected (deleted from memory)', false) ON CONFLICT DO NOTHING;
INSERT INTO public.choices (id, question_id, body, is_correct) VALUES ('950c80a5-d053-4b70-bd9a-cb1ef68f7ffd', '0b15e416-2aa9-4bcf-b27f-644fad65ec68', '`from dataclasses import asdict` and call `asdict(product)`', true) ON CONFLICT DO NOTHING;
INSERT INTO public.choices (id, question_id, body, is_correct) VALUES ('f71d3e80-10b5-43f2-94f6-fdb6080667f6', '0b15e416-2aa9-4bcf-b27f-644fad65ec68', '`product.to_json()` : every dataclass auto-defines this method', false) ON CONFLICT DO NOTHING;
INSERT INTO public.choices (id, question_id, body, is_correct) VALUES ('1094ff71-18e5-4bcf-a6bc-d7ce044386f0', '0b15e416-2aa9-4bcf-b27f-644fad65ec68', '`dict(product)` : Python auto-converts dataclasses on cast', false) ON CONFLICT DO NOTHING;
INSERT INTO public.choices (id, question_id, body, is_correct) VALUES ('414a3629-8313-43c0-875a-9ad3047ae9c6', '0b15e416-2aa9-4bcf-b27f-644fad65ec68', '`json.dumps(product)` : dataclasses are JSON-serialisable by default', false) ON CONFLICT DO NOTHING;
INSERT INTO public.choices (id, question_id, body, is_correct) VALUES ('691737a1-5763-4ad0-9f87-1ca5af88e0e7', 'ebb21bdf-def9-4d6e-8e41-9ad6398c807c', 'Builds a NEW dict copying every key from `row`, then overrides `price`. The original `row` is untouched.', true) ON CONFLICT DO NOTHING;
INSERT INTO public.choices (id, question_id, body, is_correct) VALUES ('02945c4a-9376-402d-bd4c-f8b073fea98a', 'ebb21bdf-def9-4d6e-8e41-9ad6398c807c', 'Modifies `row` in place by setting `row["price"] = new_price`', false) ON CONFLICT DO NOTHING;
INSERT INTO public.choices (id, question_id, body, is_correct) VALUES ('82cd32a7-5c72-42cb-ada0-35f6739c70ac', 'ebb21bdf-def9-4d6e-8e41-9ad6398c807c', 'Deletes the `price` key from `row`', false) ON CONFLICT DO NOTHING;
INSERT INTO public.choices (id, question_id, body, is_correct) VALUES ('93b67e8a-c1fc-4dd8-8e2f-5925ac51fadf', 'ebb21bdf-def9-4d6e-8e41-9ad6398c807c', 'Wraps `row` in a new immutable type that cannot be changed afterwards', false) ON CONFLICT DO NOTHING;
INSERT INTO public.choices (id, question_id, body, is_correct) VALUES ('b055032c-3fc7-48f2-8be1-b4165e7de03d', '33a42390-e176-48ec-8b97-952629855e89', '`TypeError: NoneType object is not iterable`, raised by the NEXT function in the chain (the one that received `None`)', true) ON CONFLICT DO NOTHING;
INSERT INTO public.choices (id, question_id, body, is_correct) VALUES ('7b5c0567-1b13-4c41-8075-e90f13339b84', '33a42390-e176-48ec-8b97-952629855e89', 'Python warns you about the missing return when the script starts', false) ON CONFLICT DO NOTHING;
INSERT INTO public.choices (id, question_id, body, is_correct) VALUES ('61806493-7dc1-4882-948b-854f60ccbb4c', '33a42390-e176-48ec-8b97-952629855e89', 'The function returns the last expression evaluated, so the chain still works', false) ON CONFLICT DO NOTHING;
INSERT INTO public.choices (id, question_id, body, is_correct) VALUES ('08545e73-6a55-4d77-aedb-c750538e4d58', '33a42390-e176-48ec-8b97-952629855e89', 'Nothing happens : `None` is treated as an empty list by the next function', false) ON CONFLICT DO NOTHING;
INSERT INTO public.choices (id, question_id, body, is_correct) VALUES ('8c08725e-1816-427e-9453-d6981537b31f', 'c5127c17-8a53-4ac5-a4b2-91f4f0144d56', 'Decorate a function with `@pytest.fixture` and have it return the list, then add the function name as a parameter to each test', true) ON CONFLICT DO NOTHING;
INSERT INTO public.choices (id, question_id, body, is_correct) VALUES ('9cc6178e-8e26-4d8e-8192-e86d62b4d677', 'c5127c17-8a53-4ac5-a4b2-91f4f0144d56', 'Define the list as a global variable at the top of the test file', false) ON CONFLICT DO NOTHING;
INSERT INTO public.choices (id, question_id, body, is_correct) VALUES ('fcbb4daf-19b2-4860-8822-fccbe798ba0a', 'c5127c17-8a53-4ac5-a4b2-91f4f0144d56', 'Put it in a `setUp` method on a test class (Java/JUnit style)', false) ON CONFLICT DO NOTHING;
INSERT INTO public.choices (id, question_id, body, is_correct) VALUES ('7a0518a4-8439-42df-8fc1-e1e40ba0c53f', 'c5127c17-8a53-4ac5-a4b2-91f4f0144d56', 'Pass the list via the `pytest -d` command-line flag', false) ON CONFLICT DO NOTHING;
INSERT INTO public.choices (id, question_id, body, is_correct) VALUES ('93d5bb35-de2d-4f4d-805b-b8e37022c71f', '4a758310-c90c-4599-b227-723ba377884f', '`@pytest.mark.parametrize("input, expected", [...])` : each input becomes a separately-named test in the output', true) ON CONFLICT DO NOTHING;
INSERT INTO public.choices (id, question_id, body, is_correct) VALUES ('19f902ba-1c95-434f-be87-a6ef38f4b8c8', '4a758310-c90c-4599-b227-723ba377884f', 'A `for` loop inside a single test function (the loop fails on the first bad assert)', false) ON CONFLICT DO NOTHING;
INSERT INTO public.choices (id, question_id, body, is_correct) VALUES ('eb14e684-3c15-4c3d-9b0c-aa43a401231b', '4a758310-c90c-4599-b227-723ba377884f', 'Five separate test functions copy-pasted with different data', false) ON CONFLICT DO NOTHING;
INSERT INTO public.choices (id, question_id, body, is_correct) VALUES ('e177ea97-615d-4978-8196-971a62c9e622', '4a758310-c90c-4599-b227-723ba377884f', 'A `conftest.py` file with five separate fixtures', false) ON CONFLICT DO NOTHING;
INSERT INTO public.choices (id, question_id, body, is_correct) VALUES ('a045d9a2-a1e2-455e-9b47-0b09346bb3bf', '8a6177d3-8b08-4ca9-8026-515e848c82a1', '`format` first, then `check --fix` : the formatter rewrites layout, then the linter evaluates the FINAL layout for issues', true) ON CONFLICT DO NOTHING;
INSERT INTO public.choices (id, question_id, body, is_correct) VALUES ('ef392d25-b5c9-4f74-8a21-eda282dcd564', '8a6177d3-8b08-4ca9-8026-515e848c82a1', '`check --fix` first, then `format` : fix the logic before touching style', false) ON CONFLICT DO NOTHING;
INSERT INTO public.choices (id, question_id, body, is_correct) VALUES ('154bc643-b64e-466d-b5ef-78e969e5dc6e', '8a6177d3-8b08-4ca9-8026-515e848c82a1', 'It does not matter : the two tools are completely independent', false) ON CONFLICT DO NOTHING;
INSERT INTO public.choices (id, question_id, body, is_correct) VALUES ('daa09ada-b9d0-461e-937e-36b1a960dc12', '8a6177d3-8b08-4ca9-8026-515e848c82a1', 'Always run them in parallel for speed', false) ON CONFLICT DO NOTHING;
INSERT INTO public.choices (id, question_id, body, is_correct) VALUES ('4d753461-8aea-4caa-8b7f-e19e7df4efc1', 'f47ccd9c-9537-43b9-8d35-1c46fbcf197f', 'Python raises `ValueError` immediately. Dataclasses refuse to compile with mutable defaults; the fix is `tags: list = field(default_factory=list)`', true) ON CONFLICT DO NOTHING;
INSERT INTO public.choices (id, question_id, body, is_correct) VALUES ('0c9a447c-9865-4812-9276-aa8e92253917', 'f47ccd9c-9537-43b9-8d35-1c46fbcf197f', 'It works fine : every instance gets a fresh empty list', false) ON CONFLICT DO NOTHING;
INSERT INTO public.choices (id, question_id, body, is_correct) VALUES ('43b90de4-6609-4ad3-9775-fc0438e2179d', 'f47ccd9c-9537-43b9-8d35-1c46fbcf197f', 'It works fine, but only if you also write a custom `__init__`', false) ON CONFLICT DO NOTHING;
INSERT INTO public.choices (id, question_id, body, is_correct) VALUES ('2cf9fef5-d392-44ef-9acd-35208c3ca6ea', 'f47ccd9c-9537-43b9-8d35-1c46fbcf197f', 'It silently shares the same list across every instance, like a regular function default', false) ON CONFLICT DO NOTHING;
INSERT INTO public.choices (id, question_id, body, is_correct) VALUES ('4a85caf6-86b3-4796-a27d-f66d5b915323', 'd515f2ea-fef0-4b9c-866e-438b9f132837', 'Python imports your local file instead of the standard-library module : `import csv` finds your file first, and `csv.DictReader` then breaks with confusing `AttributeError`s', true) ON CONFLICT DO NOTHING;
INSERT INTO public.choices (id, question_id, body, is_correct) VALUES ('2717a65f-22f0-4889-81ab-bdf4e1b28554', 'd515f2ea-fef0-4b9c-866e-438b9f132837', 'The name `csv` is a reserved word in Python 3.10+', false) ON CONFLICT DO NOTHING;
INSERT INTO public.choices (id, question_id, body, is_correct) VALUES ('8b5eb6dd-d4f4-4912-a468-660e2f1b3a1c', 'd515f2ea-fef0-4b9c-866e-438b9f132837', 'It conflicts with the file extension `.csv` so the filesystem confuses the two', false) ON CONFLICT DO NOTHING;
INSERT INTO public.choices (id, question_id, body, is_correct) VALUES ('cf3c6197-5554-4e91-a182-8521945efb2e', 'd515f2ea-fef0-4b9c-866e-438b9f132837', 'Pylint warns you about reserved module names and refuses to lint the file', false) ON CONFLICT DO NOTHING;
